anio,mes,valor,fuente
2024,12,682450.125000,BCV
2025,1,735200.800000,BCV
2025,2,798450.350000,BCV
2025,3,872100.000000,BCV
2025,4,945800.500000,BCV
2025,5,1032500.750000,BCV
2025,6,1124800.200000,BCV
2025,7,1231500.000000,BCV
2025,8,1356800.400000,BCV
2025,9,1489200.850000,BCV
2025,10,1625400.300000,BCV
2025,11,1783200.600000,BCV
2025,12,1956800.000000,BCV
2026,1,2140739.200000,BCV
2026,2,2356953.859200,BCV
2026,3,2564365.798810,BCV
2026,4,2813109.281295,BCV
2026,5,3102859.537268,BCV
2026,6,3385219.755159,BCV
2026,7,3716971.291165,BCV
2026,8,4107253.276737,BCV
2026,9,4489227.831474,BCV
2026,10,4920193.703296,BCV
2026,11,5407292.879922,BCV
2026,12,5958836.753674,BCV
